{
  "1": {
    "Address": "1860 The Alameda",
    "City": "San Jose",
    "State": "CA",
    "Zip": 95126,
    "TimeZone": "PST",
    "County": "USA",
    "Address Name": "Hotel Rose Garden"
  },
  "2": {
    "Address": "2175 Rosaline Ave",
    "City": "Redding",
    "State": "CA",
    "Zip": 96001,
    "TimeZone": "PST",
    "County": "USA",
    "Address Name": "Mercy Medical Center Redding"
  },
  "3": {
    "Address": "800 S Abilene St",
    "City": "Aurora",
    "State": "CO",
    "Zip": 80012,
    "TimeZone": "MST",
    "County": "USA",
    "Address Name": "Best Western Plus Gateway Inn & Suites"
  },
  "4": {
    "Address": "824 W Boulevard St",
    "City": "Lewistown",
    "State": "MT",
    "Zip": 59457,
    "TimeZone": "MST",
    "County": "USA",
    "Address Name": "Sitting Room"
  },
  "5": {
    "Address": "300 SW 5th St",
    "City": "Des Moines",
    "State": "IA",
    "Zip": 50309,
    "TimeZone": "CST",
    "County": "USA",
    "Address Name": "St. Kilda Cafe & Bakery"
  },
  "6": {
    "Address": "15115 W 119th St",
    "City": "Olathe",
    "State": "KS",
    "Zip": 66062,
    "TimeZone": "CST",
    "County": "USA",
    "Address Name": "Minit Mart"
  },
  "7": {
    "Address": "117 Sandusky St",
    "City": "Pittsburgh",
    "State": "PA",
    "Zip": 15212,
    "TimeZone": "EST",
    "County": "USA",
    "Address Name": "The Andy Warhol Museum"
  },
  "8": {
    "Address": "4900 Old Seward Hwy",
    "City": "Anchorage",
    "State": "AK",
    "Zip": 99503,
    "TimeZone": "ALK",
    "County": "USA",
    "Address Name": "Continental Subaru - SALES DEPARTMENT"
  },
  "9": {
    "Address": "1309 5th St NE",
    "City": "Washington",
    "State": "DC",
    "Zip": 20002,
    "TimeZone": "EST",
    "County": "US",
    "Address Name": "Union Market"
  },
  "10": {
    "Address": "1300 Constitution Ave NW",
    "City": "Washington",
    "State": "DC",
    "Zip": 20004,
    "TimeZone": "EST",
    "County": "US",
    "Address Name": "Smithsonian National Museum of American History"
  },
  "11": {
    "Address": "1266 San Carlos Ave",
    "City": "Concord",
    "State": "CA",
    "Zip": 94518,
    "TimeZone": "PST",
    "County": "US",
    "Address Name": "Loma Vista Adult Center"
  },
  "12": {
    "Address": "3036 Concord Blvd",
    "City": "Concord",
    "State": "CA",
    "Zip": 94519,
    "TimeZone": "PST",
    "County": "US",
    "Address Name": "3036 Concord Blvd"
  },
  "13": {
    "Address": "2701 Willow Pass Rd",
    "City": "Concord",
    "State": "CA",
    "Zip": 94519,
    "TimeZone": "PST",
    "County": "US",
    "Address Name": "Crossroads High School"
  },
  "14": {
    "Address": "2222 Pacheco St",
    "City": "Concord",
    "State": "CA",
    "Zip": 94520,
    "TimeZone": "PST",
    "County": "US",
    "Address Name": "The Heritage"
  },
  "15": {
    "Address": "2600 Willow Pass Rd",
    "City": "Concord",
    "State": "CA",
    "Zip": 94519,
    "TimeZone": "PST",
    "County": "US",
    "Address Name": "Safeway"
  },
  "16": {
    "Address": "6190 E Quincy Ave",
    "City": "Englewood",
    "State": "CO",
    "Zip": 80111,
    "TimeZone": "MST",
    "County": "USA",
    "Address Name": "Saint Gabriel the Archangel Episcopal Church"
  },
  "17": {
    "Address": "6315 S University Blvd",
    "City": "Centennial",
    "State": "CO",
    "Zip": 80121,
    "TimeZone": "MST",
    "County": "USA",
    "Address Name": "Goodson Recreation Center"
  },
  "18": {
    "Address": "395 Federal St",
    "City": "Pittsburgh",
    "State": "PA",
    "Zip": 15212,
    "TimeZone": "EST",
    "County": "USA",
    "Address Name": "United States Postal Service"
  },
  "19": {
    "Address": "318-320 Cedar Ave",
    "City": "Pittsburgh",
    "State": "PA",
    "Zip": 15212,
    "TimeZone": "EST",
    "County": "USA",
    "Address Name": "Giant Eagle Supermarket"
  },
  "20": {
    "Address": "3131 Chartiers Ave",
    "City": "Pittsburgh",
    "State": "PA",
    "Zip": 15204,
    "TimeZone": "EST",
    "County": "USA",
    "Address Name": "Avenue A Salon"
  },
  "21": {
    "Address": "338 SW 6th St",
    "City": "Des Moines",
    "State": "IA",
    "Zip": 50309,
    "TimeZone": "CST",
    "County": "USA",
    "Address Name": "Escape Chambers Des Moines"
  },
  "22": {
    "Address": "529 SW 5th St",
    "City": "Des Moines",
    "State": "IA",
    "Zip": 50309,
    "TimeZone": "CST",
    "County": "USA",
    "Address Name": "Kiwanis Miracle League"
  },
  "23": {
    "Address": "2300 Grand Ave",
    "City": "Des Moines",
    "State": "IA",
    "Zip": 50312,
    "TimeZone": "CST",
    "County": "USA",
    "Address Name": "Terrace Hill Historic Site"
  },
  "24": {
    "Address": "3410 S Kingshighway Blvd",
    "City": "St. Louis",
    "State": "MO",
    "Zip": 63139,
    "TimeZone": "CST",
    "County": "USA",
    "Address Name": "Zips Car Wash"
  },
  "25": {
    "Address": "200 W Elm St",
    "City": "Carbondale",
    "State": "IL",
    "Zip": 62901,
    "TimeZone": "CST",
    "County": "USA",
    "Address Name": "Home2 Suites by Hilton Carbondale"
  },
  "26": {
    "Address": "2090 The Alameda",
    "City": "San Jose",
    "State": "CA",
    "Zip": 95126,
    "TimeZone": "PST",
    "County": "USA",
    "Address Name": "Shell Gas"
  },
  "27": {
    "Address": "499 Haight St",
    "City": "San Francisco",
    "State": "CA",
    "Zip": 94117,
    "TimeZone": "PST",
    "County": "USA",
    "Address Name": "CVS Pharmacy"
  },
  "28": {
    "Address": "2275 Pine St",
    "City": "Redding",
    "State": "CA",
    "Zip": 96001,
    "TimeZone": "PST",
    "County": "USA",
    "Address Name": "Safeway Pharmacy"
  }
}